identificatie,naam,code,ligtInProvincieCode,ligtInProvincieNaam,fuuid,area_total,area_m2,n2k_area_natura,pct_natura
GM0263,Maasdriel,"0263","25",Gelderland,gemeentegebied.b5820b2e-b19f-4b17-84f4-348255434e49,75474209.9551149,75474209.9551149,3917138,5.190
GM0441,Schagen,"0441","27",Noord-Holland,gemeentegebied.887786c4-40a2-47c9-acc7-85d6d3db868a,187299408.982698,187299408.982698,1707550,0.912
GM0193,Zwolle,"0193","23",Overijssel,gemeentegebied.47ba42aa-7d95-4e1d-bc2b-2e5f29f8f7c2,119379997.785215,119379997.785215,701809,0.588
GM1711,Echt-Susteren,"1711","31",Limburg,gemeentegebied.2a6fdf46-33cd-482d-af2b-81c68bbc91b0,104618551.074077,104618551.074077,291169,0.278
GM1621,Lansingerland,"1621","28",Zuid-Holland,gemeentegebied.192ffede-2f06-427b-bc98-d7b1aa72c5f5,56400073.0271244,56400073.0271244,,0.000
GM1659,Laarbeek,"1659","30",Noord-Brabant,gemeentegebied.337d7b62-8318-4830-90dd-5ecce4b27759,56172972.4025808,56172972.4025808,,0.000
GM0766,Dongen,"0766","30",Noord-Brabant,gemeentegebied.be5f683f-949e-46a1-93bd-16cdb5e55c17,29743672.2475586,29743672.2475586,,0.000
GM0668,West Maas en Waal,"0668","25",Gelderland,gemeentegebied.60a65f29-7979-45fc-bc41-dc0e94f39ff3,85223545.3197754,85223545.3197754,6227519,7.307
GM0848,Son en Breugel,"0848","30",Noord-Brabant,gemeentegebied.bbd7dbec-1e6d-4e8c-9ae2-a0ca6bcdbc75,26510045.1271722,26510045.1271722,,0.000
GM0484,Alphen aan den Rijn,"0484","28",Zuid-Holland,gemeentegebied.f8543423-f691-484f-9df8-55aa5be1ac92,132515956.867876,132515956.867876,1162162,0.877
GM1978,Molenlanden,"1978","28",Zuid-Holland,gemeentegebied.985f7255-0432-499c-9c64-4b6ed8dab670,191613894.203589,191613894.203589,2324541,1.213
GM0626,Voorschoten,"0626","28",Zuid-Holland,gemeentegebied.41603d0a-e1ba-4f86-91e3-573c85dbfe34,11560975.2948698,11560975.2948698,,0.000
GM1876,Bronckhorst,"1876","25",Gelderland,gemeentegebied.f85f4065-8456-4428-89a3-be241e56a12e,286462254.058696,286462254.058696,5091074,1.777
GM0106,Assen,"0106","22",Drenthe,gemeentegebied.b6d5cd74-8335-4682-9e66-7ff9130126e8,83452084.7203274,83452084.7203274,3759341,4.505
GM1991,Maashorst,"1991","30",Noord-Brabant,gemeentegebied.8fd4ae74-084d-4323-98ee-14c211cf2388,138258563.926731,138258563.926731,,0.000
GM0537,Katwijk,"0537","28",Zuid-Holland,gemeentegebied.97bc46e1-bdbe-4778-ad95-cb0f4512138b,31150575.4862522,31150575.4862522,538124,1.727
GM0383,Castricum,"0383","27",Noord-Holland,gemeentegebied.7f4f1ce4-77ec-4a95-aab5-7715aa7e250a,60411382.007251,60411382.007251,15894069,26.310
GM0479,Zaanstad,"0479","27",Noord-Holland,gemeentegebied.7307bddb-d176-41c6-a2a7-ce4043dcd5b2,83247610.9739734,83247610.9739734,9929,0.012
GM0109,Coevorden,"0109","22",Drenthe,gemeentegebied.bd6d3908-ecd4-4771-a5c9-31aa34916f3c,299698580.867742,299698580.867742,,0.000
GM1895,Oldambt,"1895","20",Groningen,gemeentegebied.9dca399c-af96-4b81-b023-4d3a16749b22,295916497.235819,295916497.235819,61879542,20.911
GM0301,Zutphen,"0301","25",Gelderland,gemeentegebied.06d3f756-fc64-4df8-bdb7-bf2936503969,42940551.6588912,42940551.6588912,1834517,4.272
GM1966,Het Hogeland,"1966","20",Groningen,gemeentegebied.c6ebfa48-dbbc-4b27-9b9e-6d0e18f7f559,902956676.713611,902956676.713611,33782834,3.741
GM0189,Wierden,"0189","23",Overijssel,gemeentegebied.8537187f-bcbe-449b-b14b-a5b4544180e2,95397929.6009509,95397929.6009509,4184108,4.386
GM0275,Rheden,"0275","25",Gelderland,gemeentegebied.fe86a860-0dfb-41a7-b286-9e5c7525c2ef,84361539.7666035,84361539.7666035,40974506,48.570
GM0158,Haaksbergen,"0158","23",Overijssel,gemeentegebied.3d28bcfd-6f5f-4b8e-a5cc-7673bb3ed986,105507621.810064,105507621.810064,12407311,11.760
GM1586,Oost Gelre,"1586","25",Gelderland,gemeentegebied.817270da-0ae7-472b-a782-58e749928bb9,110446605.574837,110446605.574837,2012340,1.822
GM0345,Veenendaal,"0345","26",Utrecht,gemeentegebied.fc256c0a-7de5-41c5-b8a8-74257044745f,19727716.1293026,19727716.1293026,630057,3.194
GM0546,Leiden,"0546","28",Zuid-Holland,gemeentegebied.b36287c5-aadf-48b3-bf7a-c17fb1501e86,23273459.0396275,23273459.0396275,,0.000
GM1658,Heeze-Leende,"1658","30",Noord-Brabant,gemeentegebied.379e3d40-736c-47a1-aaa7-79a7b6f664ed,105053884.416629,105053884.416629,9418379,8.965
GM1774,Dinkelland,"1774","23",Overijssel,gemeentegebied.5fd0ba5e-175f-4fe4-a209-6447a0ad6bb9,176834437.142913,176834437.142913,1326437,0.750
GM0703,Reimerswaal,"0703","29",Zeeland,gemeentegebied.7282f576-f515-4277-8c51-b273cf0a0408,242420256.375067,242420256.375067,1758018,0.725
GM0758,Breda,"0758","30",Noord-Brabant,gemeentegebied.998e77dc-f1e0-4796-8bc3-cc29f366d5c8,128694832.409646,128694832.409646,1123133,0.873
GM1721,Bernheze,"1721","30",Noord-Brabant,gemeentegebied.6114b9ab-19eb-4bd6-b423-604b774d630d,90429016.7510005,90429016.7510005,,0.000
GM0375,Beverwijk,"0375","27",Noord-Holland,gemeentegebied.0cd96a8b-b626-40a9-8af8-05db3ec59481,20089513.108835,20089513.108835,503600,2.507
GM0296,Wijchen,"0296","25",Gelderland,gemeentegebied.169834c4-7963-42ec-a1ba-2137c8d935b7,69574850.2413699,69574850.2413699,,0.000
GM1948,Meierijstad,"1948","30",Noord-Brabant,gemeentegebied.2cffce98-3c35-4192-be45-46fee073922e,185544533.575859,185544533.575859,,0.000
GM1783,Westland,"1783","28",Zuid-Holland,gemeentegebied.f2ef8c33-a22a-43cb-9aee-c3ae81d4f0b9,90745542.9147209,90745542.9147209,4388894,4.836
GM0160,Hardenberg,"0160","23",Overijssel,gemeentegebied.eef4a60d-18c0-4159-8ea0-f6a0d4b727f4,317174215.272009,317174215.272009,0,0.000
GM0289,Wageningen,"0289","25",Gelderland,gemeentegebied.c8b8c2b4-60fa-4b7a-84a9-53c18d153196,32365518.7469393,32365518.7469393,4551578,14.063
GM1940,De Fryske Marren,"1940","21",Fryslân,gemeentegebied.c3ab8091-21a4-443a-8ba9-66ec2421b6f8,549155471.759016,549155471.759016,129800439,23.636
GM1883,Sittard-Geleen,"1883","31",Limburg,gemeentegebied.ce936532-a15e-477d-b4e7-e88c7272bb7a,80582103.3075966,80582103.3075966,282330,0.350
GM0299,Zevenaar,"0299","25",Gelderland,gemeentegebied.41dca79a-c107-42a2-af97-d05eefcacb7b,106120012.194574,106120012.194574,15655174,14.752
GM0351,Woudenberg,"0351","26",Utrecht,gemeentegebied.012b7d49-92be-479a-a8a3-e6189d115386,36828796.7903948,36828796.7903948,,0.000
GM1667,Reusel-De Mierden,"1667","30",Noord-Brabant,gemeentegebied.ed05d1ad-29bd-4748-9d66-f9dbb07086e4,78670275.4338253,78670275.4338253,3342234,4.248
GM0034,Almere,"0034","24",Flevoland,gemeentegebied.1166f9e6-8b37-49ea-9a4d-9b4630abded0,248808923.073835,248808923.073835,20278,0.008
GM0307,Amersfoort,"0307","26",Utrecht,gemeentegebied.b6b44340-8255-4d63-ad19-3846eda4658b,63872516.2445864,63872516.2445864,,0.000
GM0828,Oss,"0828","30",Noord-Brabant,gemeentegebied.d0941429-c04c-4830-8362-b61780efbc65,170947239.420517,170947239.420517,,0.000
GM1842,Midden-Delfland,"1842","28",Zuid-Holland,gemeentegebied.00c18a02-071e-4b0f-9bd2-82df97c0cee6,49384226.398702,49384226.398702,,0.000
GM1924,Goeree-Overflakkee,"1924","28",Zuid-Holland,gemeentegebied.5492540f-4607-44a8-8148-136693ff52c5,422373972.301743,422373972.301743,7983089,1.890
GM0534,Hillegom,"0534","28",Zuid-Holland,gemeentegebied.d763aa94-91f5-497d-890d-a835fb073bcf,13467290.2612769,13467290.2612769,,0.000
GM0632,Woerden,"0632","26",Utrecht,gemeentegebied.b754ee99-852a-48ba-9504-435fc72714f7,92938870.4981846,92938870.4981846,7444,0.008
GM0944,Mook en Middelaar,"0944","31",Limburg,gemeentegebied.e811e949-9c9f-48c5-8e97-f230358b099f,18812792.4634265,18812792.4634265,1465981,7.792
GM1706,Cranendonck,"1706","30",Noord-Brabant,gemeentegebied.32c630d2-210c-41fb-8e71-0afe9bd63335,78055301.3406628,78055301.3406628,720699,0.923
GM0232,Epe,"0232","25",Gelderland,gemeentegebied.04099959-f3a4-4f2d-b8f9-107b5281aca0,157397355.905137,157397355.905137,71248152,45.266
GM0335,Montfoort,"0335","26",Utrecht,gemeentegebied.160a6b11-fddf-4836-bec0-132bc6dfa4d4,38209121.0078629,38209121.0078629,,0.000
GM1676,Schouwen-Duiveland,"1676","29",Zeeland,gemeentegebied.dce96f50-20c6-46d2-b5bd-b3533a6b935b,488216045.089356,488216045.089356,22418477,4.592
GM0765,Pekela,"0765","20",Groningen,gemeentegebied.858771b8-0f9a-4dca-84b5-02a895d7a0ab,50200644.6952933,50200644.6952933,,0.000
GM0377,Bloemendaal,"0377","27",Noord-Holland,gemeentegebied.a5c77f0f-7cb4-4502-bd05-c825eaf663a5,45234062.8148429,45234062.8148429,25666486,56.742
GM0356,Nieuwegein,"0356","26",Utrecht,gemeentegebied.2dc7ca0a-cbb2-4cc6-ab19-d7a02728bc2d,25650962.9983429,25650962.9983429,,0.000
GM0889,Beesel,"0889","31",Limburg,gemeentegebied.13d2d78d-c353-4a08-8acb-d2ae895c84bb,29155208.4388054,29155208.4388054,112531,0.386
GM1674,Roosendaal,"1674","30",Noord-Brabant,gemeentegebied.18788050-f37d-4ee2-bc34-8e126979cec0,107171758.198478,107171758.198478,4106965,3.832
GM0273,Putten,"0273","25",Gelderland,gemeentegebied.856a06a4-b810-4e76-b8d4-b8dcb31c915a,87518484.2595532,87518484.2595532,4183120,4.780
GM0183,Tubbergen,"0183","23",Overijssel,gemeentegebied.230c11b5-d873-4ae6-bed8-3bb96112f603,147450795.159996,147450795.159996,10860254,7.365
GM0216,Culemborg,"0216","25",Gelderland,gemeentegebied.493364c9-c4fd-481d-bbea-413f82f4083d,31149164.9844705,31149164.9844705,,0.000
GM0072,Harlingen,"0072","21",Fryslân,gemeentegebied.551e0981-5a2b-4db1-9d87-35ee7437da84,387680809.733601,387680809.733601,361099958,93.144
GM0579,Oegstgeest,"0579","28",Zuid-Holland,gemeentegebied.caad4544-0706-40e5-a6d4-29fc1c127ceb,7968289.34703872,7968289.34703872,,0.000
GM0770,Eersel,"0770","30",Noord-Brabant,gemeentegebied.d9aafd16-4f8c-43e0-a1e4-537f88689763,83333794.3258935,83333794.3258935,470801,0.565
GM0453,Velsen,"0453","27",Noord-Holland,gemeentegebied.ba39ee0f-12a5-4aaf-8707-5c15ccb1e628,63179789.4997361,63179789.4997361,9762711,15.452
GM0498,Drechterland,"0498","27",Noord-Holland,gemeentegebied.66002039-9adb-4f3c-8afc-50a56d3a56cf,80599449.6952867,80599449.6952867,21089553,26.166
GM0074,Heerenveen,"0074","21",Fryslân,gemeentegebied.aeed7767-f96b-4c4f-9076-ae10fd259dbf,198176396.708305,198176396.708305,5142650,2.595
GM0431,Oostzaan,"0431","27",Noord-Holland,gemeentegebied.d03e2562-c3cc-45ca-a773-7c0cb21d28a5,16078022.9174363,16078022.9174363,3661788,22.775
GM1730,Tynaarlo,"1730","22",Drenthe,gemeentegebied.036b5175-8ef4-4b55-b96e-f0081568dbc1,147693569.943776,147693569.943776,8025441,5.434
GM0228,Ede,"0228","25",Gelderland,gemeentegebied.a7f1fb7e-676a-43b0-902f-b9cb885e1544,318676453.702583,318676453.702583,482417,0.151
GM0285,Voorst,"0285","25",Gelderland,gemeentegebied.fc6b34a7-adac-428e-a208-ce5e82b17277,126488166.781177,126488166.781177,1955546,1.546
GM0175,Ommen,"0175","23",Overijssel,gemeentegebied.5f3e167e-a9d7-4aa4-8726-98052a8084cf,182031111.162673,182031111.162673,40010551,21.980
GM0473,Zandvoort,"0473","27",Noord-Holland,gemeentegebied.1ccd515a-be0a-4034-9b6f-168b78e5d72d,43976705.5889516,43976705.5889516,27109107,61.644
GM0879,Zundert,"0879","30",Noord-Brabant,gemeentegebied.8ae0078f-6fef-41f2-9a05-ab7787b3a395,121217122.862135,121217122.862135,,0.000
GM0344,Utrecht,"0344","26",Utrecht,gemeentegebied.787b48a5-2a18-40cb-8bb2-de16874e211b,99224952.0207107,99224952.0207107,,0.000
GM0388,Enkhuizen,"0388","27",Noord-Holland,gemeentegebied.317306f8-fd95-4319-8f60-eeb0d240c1e5,116261480.417537,116261480.417537,99618090,85.685
GM0310,De Bilt,"0310","26",Utrecht,gemeentegebied.43eb145e-704b-454d-94c9-e1af0e7d1527,67142967.4050434,67142967.4050434,3908201,5.821
GM0531,Hendrik-Ido-Ambacht,"0531","28",Zuid-Holland,gemeentegebied.868f84ae-dcd9-4141-beb3-afd940e165fe,11902391.0554808,11902391.0554808,,0.000
GM0153,Enschede,"0153","23",Overijssel,gemeentegebied.17d7fe5d-caf8-443f-9973-ec94e3fd4676,142732017.603803,142732017.603803,25470,0.018
GM0716,Tholen,"0716","29",Zeeland,gemeentegebied.11dd9414-b032-4123-99cf-ce7c143b5a23,254013982.469255,254013982.469255,5531185,2.178
GM0168,Losser,"0168","23",Overijssel,gemeentegebied.0755b27d-4cef-46f8-b556-43af65b1d59b,99624524.7799014,99624524.7799014,5177858,5.197
GM0246,Heerde,"0246","25",Gelderland,gemeentegebied.61334e24-c672-4157-89f7-4d1c2930fa2c,80432547.3180086,80432547.3180086,28556701,35.504
GM1641,Maasgouw,"1641","31",Limburg,gemeentegebied.04f902be-8428-4abc-959c-aeacc30b40c4,58118246.8238674,58118246.8238674,1178939,2.029
GM1911,Hollands Kroon,"1911","27",Noord-Holland,gemeentegebied.8816be12-2285-43d7-99b8-92058997e3d9,662258153.955325,662258153.955325,108810920,16.430
GM0317,Eemnes,"0317","26",Utrecht,gemeentegebied.b2f9a4b1-20a7-499a-a140-dd35932af87d,33709076.2924368,33709076.2924368,2449018,7.265
GM0627,Waddinxveen,"0627","28",Zuid-Holland,gemeentegebied.d769c2fb-f309-47a9-bd2e-9e95080c6322,29400988.5335393,29400988.5335393,,0.000
GM0267,Nijkerk,"0267","25",Gelderland,gemeentegebied.9c568d57-47c8-48f3-86ca-561a87969b97,72053450.2474645,72053450.2474645,10039147,13.933
GM0744,Baarle-Nassau,"0744","30",Noord-Brabant,gemeentegebied.0b80b459-e65b-42b5-a165-d6387b406ff3,76292125.103221,76292125.103221,,0.000
GM0358,Aalsmeer,"0358","27",Noord-Holland,gemeentegebied.5e59d03d-c04d-4d15-81b5-7bd81d1a153e,32291219.2584808,32291219.2584808,,0.000
GM0308,Baarn,"0308","26",Utrecht,gemeentegebied.7d90cdc2-fcd3-4ce6-adbf-5b63df11739c,33012265.2623523,33012265.2623523,,0.000
GM1930,Nissewaard,"1930","28",Zuid-Holland,gemeentegebied.4bbb6d8e-dfb7-4e84-9991-78c2a54b48c3,83801106.7170973,83801106.7170973,6895753,8.229
GM1901,Bodegraven-Reeuwijk,"1901","28",Zuid-Holland,gemeentegebied.72074588-c925-4318-b0d9-1c8bdd984aee,88653734.4278056,88653734.4278056,6965792,7.857
GM0995,Lelystad,"0995","24",Flevoland,gemeentegebied.ba3de76b-eb9d-4254-bf33-01f293551982,765574837.00134,765574837.00134,96301888,12.579
GM0177,Raalte,"0177","23",Overijssel,gemeentegebied.da51e754-66d5-4028-81e3-14a5ba8b43e0,172312863.228123,172312863.228123,1697254,0.985
GM1959,Altena,"1959","30",Noord-Brabant,gemeentegebied.629d82b5-abcd-4cf4-ab68-6fdf877a93b2,226676759.122243,226676759.122243,1626364,0.717
GM1734,Overbetuwe,"1734","25",Gelderland,gemeentegebied.3858fad7-dd64-4cd7-8db8-b30b4d6df641,115103356.038274,115103356.038274,7582878,6.588
GM0173,Oldenzaal,"0173","23",Overijssel,gemeentegebied.fc4677c4-d1f4-4d1c-8922-47517a9dac45,21953745.4413268,21953745.4413268,714,0.003
GM0797,Heusden,"0797","30",Noord-Brabant,gemeentegebied.6aaf56e3-0b28-4743-b2ad-5e03224ae9ac,81231549.5886556,81231549.5886556,11824702,14.557
GM0059,Achtkarspelen,"0059","21",Fryslân,gemeentegebied.cfb17de2-51ce-45a9-a150-7ac1a4dd8c2b,103978822.029555,103978822.029555,,0.000
GM1963,Hoeksche Waard,"1963","28",Zuid-Holland,gemeentegebied.95bb6617-ece0-42b7-870d-a6b857ac8e38,323720721.847316,323720721.847316,5050695,1.560
GM0214,Buren,"0214","25",Gelderland,gemeentegebied.917b5f95-38c2-47b3-a005-02c5513820d3,142947084.332257,142947084.332257,8679404,6.072
GM1701,Westerveld,"1701","22",Drenthe,gemeentegebied.badf21cd-16c5-46fd-9806-7d75072d9122,282757816.877603,282757816.877603,17537194,6.202
GM0824,Oisterwijk,"0824","30",Noord-Brabant,gemeentegebied.b92ac7fe-5117-4ca7-aecc-7d7dd793a304,81472355.1592981,81472355.1592981,3829056,4.700
GM0392,Haarlem,"0392","27",Noord-Holland,gemeentegebied.e7982735-caeb-42ac-8962-6bf5c63ea0da,32095886.2347029,32095886.2347029,143980,0.449
GM0880,Wormerland,"0880","27",Noord-Holland,gemeentegebied.8558ec15-7c65-4dba-9ed8-7b6d86d63524,45182041.7072849,45182041.7072849,30323,0.067
GM0147,Borne,"0147","23",Overijssel,gemeentegebied.1217c9bc-da21-4f6a-bd15-ca8d1cc26e59,26166499.1612031,26166499.1612031,,0.000
GM1581,Utrechtse Heuvelrug,"1581","26",Utrecht,gemeentegebied.a95acc79-6f78-429b-9171-07c183851464,133964932.439091,133964932.439091,577579,0.431
GM0050,Zeewolde,"0050","24",Flevoland,gemeentegebied.e47f9f32-b789-4ada-9f2e-4b1792fad454,268906630.594202,268906630.594202,1281806,0.477
GM0532,Stede Broec,"0532","27",Noord-Holland,gemeentegebied.62fa9956-1904-44a6-93cf-4d7a05a950be,16372971.3084848,16372971.3084848,802135,4.899
GM0293,Westervoort,"0293","25",Gelderland,gemeentegebied.bc690124-bf4b-4ce9-8e0f-5f7814973660,7840242.74987218,7840242.74987218,1014060,12.934
GM1949,Waadhoeke,"1949","21",Fryslân,gemeentegebied.43f3e761-1a72-4411-9a3d-effb93f98120,315822062.923271,315822062.923271,32516048,10.296
GM1598,Koggenland,"1598","27",Noord-Holland,gemeentegebied.e620f431-176e-4eba-b4b8-448b1658de2f,84095415.4307447,84095415.4307447,789419,0.939
GM0845,Sint-Michielsgestel,"0845","30",Noord-Brabant,gemeentegebied.054a7465-c907-4030-bad8-5469c537d620,59350191.3680826,59350191.3680826,,0.000
GM1724,Bergeijk,"1724","30",Noord-Brabant,gemeentegebied.9e83901d-c4b0-4ef1-978a-c8d3e416ac02,101761377.572026,101761377.572026,1314242,1.291
GM1931,Krimpenerwaard,"1931","28",Zuid-Holland,gemeentegebied.26018de2-77c0-485d-8c6c-30307072e64c,161333400.772716,161333400.772716,,0.000
GM0717,Veere,"0717","29",Zeeland,gemeentegebied.371041f5-008a-4267-b0fd-6a31b2038fee,206540375.770985,206540375.770985,8848208,4.284
GM1680,Aa en Hunze,"1680","22",Drenthe,gemeentegebied.7ebdc07d-db23-417d-85f0-50ee3410d5c6,278868083.494988,278868083.494988,26341968,9.446
GM0437,Ouder-Amstel,"0437","27",Noord-Holland,gemeentegebied.970e0733-7e84-4d95-b319-4a8cfbf42405,25786677.5577364,25786677.5577364,,0.000
GM1896,Zwartewaterland,"1896","23",Overijssel,gemeentegebied.31ac52c2-718b-49a6-8672-10974b32df91,87868095.5176176,87868095.5176176,2399626,2.731
GM0221,Doesburg,"0221","25",Gelderland,gemeentegebied.dbbc850a-a7f5-4163-9a2f-e610319e5f56,12960227.1934096,12960227.1934096,3902416,30.111
GM0037,Stadskanaal,"0037","20",Groningen,gemeentegebied.95953b91-5b9e-44fa-a2d9-10f654b0bb31,119935268.234798,119935268.234798,,0.000
GM0523,Hardinxveld-Giessendam,"0523","28",Zuid-Holland,gemeentegebied.5e572d78-36ee-4779-af9f-6406f9cd9987,19357763.1425747,19357763.1425747,,0.000
GM0762,Deurne,"0762","30",Noord-Brabant,gemeentegebied.d47f9b7d-209c-4c4d-bc35-5a79aada36ba,118366906.114274,118366906.114274,16151265,13.645
GM0715,Terneuzen,"0715","29",Zeeland,gemeentegebied.7866e4b7-4bc6-4994-adca-832b6753aa11,317734073.875534,317734073.875534,1407291,0.443
GM0502,Capelle aan den IJssel,"0502","28",Zuid-Holland,gemeentegebied.1264d32c-4950-4283-96aa-5372777a472f,15402116.658223,15402116.658223,,0.000
GM1950,Westerwolde,"1950","20",Groningen,gemeentegebied.523ad4d7-ae69-4044-98e9-b0bbf5dad321,280617967.562056,280617967.562056,198368,0.071
GM0737,Tytsjerksteradiel,"0737","21",Fryslân,gemeentegebied.d37a1aba-418b-487e-b7a6-6236bb16e215,161405460.315575,161405460.315575,4693663,2.908
GM0363,Amsterdam,"0363","27",Noord-Holland,gemeentegebied.6b785fa0-f8bd-4f15-9a34-428d8bf7dc95,243692468.414977,243692468.414977,14369957,5.897
GM1926,Pijnacker-Nootdorp,"1926","28",Zuid-Holland,gemeentegebied.fae79b30-b33a-4564-b9d2-127b0b9fe372,38621206.2449722,38621206.2449722,,0.000
GM0268,Nijmegen,"0268","25",Gelderland,gemeentegebied.08eeb1d1-2fbb-4c4c-b128-1909c9d43fa7,57637104.3868946,57637104.3868946,1938709,3.364
GM0331,Lopik,"0331","26",Utrecht,gemeentegebied.3f2b4d37-8f01-47d8-b363-3efb3060c4fb,78992247.1538083,78992247.1538083,654497,0.829
GM0610,Sliedrecht,"0610","28",Zuid-Holland,gemeentegebied.24e3dbac-6f98-4346-9436-f65cf635d577,14016212.6426124,14016212.6426124,,0.000
GM0569,Nieuwkoop,"0569","28",Zuid-Holland,gemeentegebied.355b93d2-6774-4d70-8497-f6adfd44097b,91177617.7142315,91177617.7142315,19830499,21.749
GM0148,Dalfsen,"0148","23",Overijssel,gemeentegebied.6e7127cc-9ddc-4f82-8cd1-45d4da7213a8,166537859.174815,166537859.174815,0,0.000
GM1728,Bladel,"1728","30",Noord-Brabant,gemeentegebied.285482ba-c8d9-4b51-a899-41565bf28484,75630086.8495186,75630086.8495186,3976931,5.258
GM0281,Tiel,"0281","25",Gelderland,gemeentegebied.def90648-9106-4307-9c63-63d0e75685fe,35518690.0741633,35518690.0741633,1233246,3.472
GM0575,Noordwijk,"0575","28",Zuid-Holland,gemeentegebied.b1754903-effc-4014-bbd5-4d365313fcfc,74947447.2703535,74947447.2703535,1345840,1.796
GM0085,Ooststellingwerf,"0085","21",Fryslân,gemeentegebied.18c05596-813a-4992-a36e-9436cc146f2b,226120329.499421,226120329.499421,8605834,3.806
GM0119,Meppel,"0119","22",Drenthe,gemeentegebied.132ccb67-602f-48cd-a016-aba7241900bf,57033367.762254,57033367.762254,,0.000
GM0417,Laren,"0417","27",Noord-Holland,gemeentegebied.b7a89a17-0cfb-4b9f-a39e-31f8950b4ac8,12413609.3047086,12413609.3047086,,0.000
GM0907,Gennep,"0907","31",Limburg,gemeentegebied.22fd1641-204e-4033-8393-41dea42ed28c,50429710.5043282,50429710.5043282,880751,1.746
GM0489,Barendrecht,"0489","28",Zuid-Holland,gemeentegebied.089ba889-b8f0-4ec3-8cab-97d0458ecf39,21733347.7473525,21733347.7473525,152865,0.703
GM0340,Rhenen,"0340","26",Utrecht,gemeentegebied.ff7e5401-1ca5-477c-81b8-8053d140ad86,43764290.9758001,43764290.9758001,670,0.002
GM0209,Beuningen,"0209","25",Gelderland,gemeentegebied.e67d9a88-e96c-421c-bd82-f2f7ea4adae5,47097607.9868866,47097607.9868866,4170495,8.855
GM0171,Noordoostpolder,"0171","24",Flevoland,gemeentegebied.7d6b355a-d611-474f-9ade-8939bbdc90e1,593546891.529746,593546891.529746,1328291,0.224
GM1900,Súdwest-Fryslân,"1900","21",Fryslân,gemeentegebied.b569b038-4f72-45fd-bdf3-3ea7ab6466e7,907926013.749737,907926013.749737,24410996,2.689
GM0202,Arnhem,"0202","25",Gelderland,gemeentegebied.7b2ef8ad-63ac-4bfe-9332-0aebf3699e36,101560178.976561,101560178.976561,39922575,39.309
GM1731,Midden-Drenthe,"1731","22",Drenthe,gemeentegebied.f538eb01-e0eb-4de0-ab0a-eb969db105de,345884465.478159,345884465.478159,137559,0.040
GM0439,Purmerend,"0439","27",Noord-Holland,gemeentegebied.481f65e9-5bd6-4f94-9f6a-562934d77939,96641429.1019475,96641429.1019475,,0.000
GM0376,Blaricum,"0376","27",Noord-Holland,gemeentegebied.6fda648c-23b7-4991-b0c1-a8d3f859ad6a,15565584.8261798,15565584.8261798,4323825,27.778
GM0687,Middelburg,"0687","29",Zeeland,gemeentegebied.1861cc37-9390-4425-92f3-8acdfcd42967,53036607.3865446,53036607.3865446,3377224,6.368
GM1735,Hof van Twente,"1735","23",Overijssel,gemeentegebied.8244e9c8-f259-4f79-ac7f-33ef22e4d431,215430896.54075,215430896.54075,4929171,2.288
GM0090,Smallingerland,"0090","21",Fryslân,gemeentegebied.2fe9f1e4-d27c-46f2-b660-0a282f3a19c9,126177541.387063,126177541.387063,3905138,3.095
GM0405,Hoorn,"0405","27",Noord-Holland,gemeentegebied.e2791231-5d27-4571-840f-d43b08bafc9f,53462865.0513347,53462865.0513347,31581966,59.073
GM0014,Groningen,"0014","20",Groningen,gemeentegebied.77b85461-419f-4584-abe3-7f14adbfda03,197945899.785987,197945899.785987,756952,0.382
GM0269,Oldebroek,"0269","25",Gelderland,gemeentegebied.2d86e8fa-8aa9-4d3f-9038-7fe0db16053c,98850426.0227407,98850426.0227407,688164,0.696
GM0946,Nederweert,"0946","31",Limburg,gemeentegebied.3dac3646-e624-441e-9973-3152479c1773,101788445.146643,101788445.146643,1535290,1.508
GM0757,Boxtel,"0757","30",Noord-Brabant,gemeentegebied.2bac5044-bc3a-4e88-86de-d1ed75d83e92,70327547.558327,70327547.558327,8783288,12.489
GM0096,Vlieland,"0096","21",Fryslân,gemeentegebied.8307e737-8d34-4f7e-868b-4a17c564158c,315802568.433528,315802568.433528,1726152,0.547
GM1942,Gooise Meren,"1942","27",Noord-Holland,gemeentegebied.80d214aa-68be-41c1-b166-42a26c9d7261,75220749.8935471,75220749.8935471,4515547,6.003
GM0166,Kampen,"0166","23",Overijssel,gemeentegebied.90a72bac-6a64-4721-afd6-478da816d0db,161812015.744693,161812015.744693,13817094,8.539
GM0225,Druten,"0225","25",Gelderland,gemeentegebied.93d89434-2f93-498f-9509-8f477dd2244b,42464659.100384,42464659.100384,6859452,16.153
GM0262,Lochem,"0262","25",Gelderland,gemeentegebied.fd505014-fe05-44bd-b227-5c9e6552f4f2,215970221.266962,215970221.266962,1022968,0.474
GM0303,Dronten,"0303","24",Flevoland,gemeentegebied.c60b5f2d-5e3d-4c8e-bc9a-6e26ee8561d5,423962057.178027,423962057.178027,19604593,4.624
GM0736,De Ronde Venen,"0736","26",Utrecht,gemeentegebied.321a33b0-66e5-4b4a-8045-df6e74699d60,116999178.593362,116999178.593362,2175441,1.859
GM1719,Drimmelen,"1719","30",Noord-Brabant,gemeentegebied.aff524b1-b8a0-41d4-bf32-2df0f708c9bb,119443068.472332,119443068.472332,34203219,28.636
GM0794,Helmond,"0794","30",Noord-Brabant,gemeentegebied.da4fd9d8-6070-48de-9974-c32f09df0085,54758525.9907245,54758525.9907245,,0.000
GM1884,Kaag en Braassem,"1884","28",Zuid-Holland,gemeentegebied.1ab63b2d-008e-41d9-a042-7c50bc8b8767,72250256.9825871,72250256.9825871,,0.000
GM1700,Twenterand,"1700","23",Overijssel,gemeentegebied.fdacf321-6879-45ec-861e-2269664778da,108144438.098237,108144438.098237,9318239,8.616
GM0873,Woensdrecht,"0873","30",Noord-Brabant,gemeentegebied.0fb5e044-c15a-4425-ab3e-ddae58b9ffff,91973341.9684149,91973341.9684149,16816800,18.284
GM0809,Loon op Zand,"0809","30",Noord-Brabant,gemeentegebied.2cd7baf8-c9ba-4a5d-aaf2-04159710b236,50718509.3860053,50718509.3860053,10935902,21.562
GM1705,Lingewaard,"1705","25",Gelderland,gemeentegebied.dfcc4702-f49e-48f4-9a38-28e994de6860,69153608.8315222,69153608.8315222,40702,0.059
GM0355,Zeist,"0355","26",Utrecht,gemeentegebied.6da47259-0205-401c-8a6a-f1544b444e9a,48659697.9586743,48659697.9586743,,0.000
GM0432,Opmeer,"0432","27",Noord-Holland,gemeentegebied.e18cb731-21a5-4161-89fe-f6f3ecb3be13,41948670.6990187,41948670.6990187,,0.000
GM0547,Leiderdorp,"0547","28",Zuid-Holland,gemeentegebied.fb5577ed-2dbb-4a73-a17b-348fa90c8b07,12277413.2405182,12277413.2405182,,0.000
GM0222,Doetinchem,"0222","25",Gelderland,gemeentegebied.f3fe320b-8992-44be-9237-013c844c8633,79666041.3393562,79666041.3393562,,0.000
GM0118,Hoogeveen,"0118","22",Drenthe,gemeentegebied.bd964382-d78b-4ec1-a54b-c65cfc54c967,129257746.151981,129257746.151981,0,0.000
GM0866,Waalre,"0866","30",Noord-Brabant,gemeentegebied.480927ed-e950-4fb6-a4d2-55c66fd5a1d7,22665987.7834025,22665987.7834025,217079,0.958
GM0313,Bunschoten,"0313","26",Utrecht,gemeentegebied.10e8bfd1-7c94-4719-9adb-1e4d457f3014,34819784.7233851,34819784.7233851,2623108,7.533
GM0988,Weert,"0988","31",Limburg,gemeentegebied.a2fc3f6a-0406-4f3e-9084-a3d5ae3bcae4,105540921.087157,105540921.087157,12506194,11.850
GM0597,Ridderkerk,"0597","28",Zuid-Holland,gemeentegebied.46dc889b-6045-41f7-8b3b-9feb8e32f2b6,25266282.5763968,25266282.5763968,,0.000
GM0642,Zwijndrecht,"0642","28",Zuid-Holland,gemeentegebied.001e9235-0a97-4572-a9cb-0a138cff6854,22777746.9960224,22777746.9960224,,0.000
GM1945,Berg en Dal,"1945","25",Gelderland,gemeentegebied.73908eef-5b7c-44e3-86b6-e573b78da7c5,93294850.4089666,93294850.4089666,992869,1.064
GM0230,Elburg,"0230","25",Gelderland,gemeentegebied.c805d1a7-fcd4-47c5-bbca-ef16399db281,65919024.2047568,65919024.2047568,2418842,3.669
GM0213,Brummen,"0213","25",Gelderland,gemeentegebied.43295cd6-5958-492b-86be-001a1b3ec826,85025047.5763145,85025047.5763145,6773915,7.967
GM1507,Horst aan de Maas,"1507","31",Limburg,gemeentegebied.8225394e-121e-494b-a314-f00ef4f93fca,191932574.272688,191932574.272688,11173584,5.822
GM0840,Rucphen,"0840","30",Noord-Brabant,gemeentegebied.12bade3f-6a66-49bf-9839-e937ddce25df,64480545.0912744,64480545.0912744,,0.000
GM0505,Dordrecht,"0505","28",Zuid-Holland,gemeentegebied.1be9c963-cd08-40ff-86da-3296bd72d9ce,99481012.5601771,99481012.5601771,32611793,32.782
GM0743,Asten,"0743","30",Noord-Brabant,gemeentegebied.ae53cb4d-89dd-47a7-982a-36a51dbe07cd,71345337.1313182,71345337.1313182,8839698,12.390
GM1982,Land van Cuijk,"1982","30",Noord-Brabant,gemeentegebied.1755508d-c54e-4b5e-ae8b-ea8945718ceb,351922145.00985,351922145.00985,55189,0.016
GM0847,Someren,"0847","30",Noord-Brabant,gemeentegebied.0218abff-d6d0-4054-819f-cb3328c13173,81507675.1021547,81507675.1021547,1433894,1.759
GM0184,Urk,"0184","24",Flevoland,gemeentegebied.93b08a53-0c00-4f9b-aad9-cd6d6afce0fd,111879722.493802,111879722.493802,97073390,86.766
GM0784,Gilze en Rijen,"0784","30",Noord-Brabant,gemeentegebied.99e65865-f4b7-4b4d-a535-c3931e3c468e,65672378.3116002,65672378.3116002,,0.000
GM0851,Steenbergen,"0851","30",Noord-Brabant,gemeentegebied.248363b7-2a88-49c9-8868-5247e47645fa,159153209.352383,159153209.352383,14285367,8.976
GM0542,Krimpen aan den IJssel,"0542","28",Zuid-Holland,gemeentegebied.bc1e740f-5c91-4144-a539-9eb45d03d348,8950335.48672791,8950335.48672791,,0.000
GM0512,Gorinchem,"0512","28",Zuid-Holland,gemeentegebied.a463ceb0-c292-458a-a029-73a36073b809,21935804.1395248,21935804.1395248,162964,0.743
GM0060,Ameland,"0060","21",Fryslân,gemeentegebied.b266defa-91ae-44eb-ac12-7305c872fab7,268479576.655038,268479576.655038,20543454,7.652
GM0352,Wijk bij Duurstede,"0352","26",Utrecht,gemeentegebied.7effafb9-83f8-40ec-af71-c603d98d4bde,50413034.0823486,50413034.0823486,490500,0.973
GM1696,Wijdemeren,"1696","27",Noord-Holland,gemeentegebied.ac192705-1056-43b4-a4d6-c08970826ba3,76373905.4375381,76373905.4375381,34960658,45.776
GM1916,Leidschendam-Voorburg,"1916","28",Zuid-Holland,gemeentegebied.230c88e0-cfb9-4000-bc3f-359ffbbce492,35622776.0377647,35622776.0377647,,0.000
GM0150,Deventer,"0150","23",Overijssel,gemeentegebied.d124bfd1-76d3-47c5-930f-9d2dd390aef1,134353704.515838,134353704.515838,4405021,3.279
GM1992,Voorne aan Zee,"1992","28",Zuid-Holland,gemeentegebied.54f68b88-5045-49e8-bc99-f82b18e78bb1,189844305.710229,189844305.710229,12724249,6.702
GM1695,Noord-Beveland,"1695","29",Zeeland,gemeentegebied.b1e1d45e-2dcd-45c4-b894-9942b8716bb3,121581699.295951,121581699.295951,6736164,5.540
GM0244,Hattem,"0244","25",Gelderland,gemeentegebied.e8caa8ca-e285-4c90-b0f3-3f8fe25baaa8,24159205.2026884,24159205.2026884,3851605,15.943
GM0297,Zaltbommel,"0297","25",Gelderland,gemeentegebied.dcc28308-c154-432f-bce6-0bb93c7520b8,89057250.0741866,89057250.0741866,4487836,5.039
GM1955,Montferland,"1955","25",Gelderland,gemeentegebied.1a6e92b4-cf04-4c5f-aa59-95984f8ea45f,106651791.829855,106651791.829855,,0.000
GM0361,Alkmaar,"0361","27",Noord-Holland,gemeentegebied.bb435af7-8eda-4a66-8520-9660f4adaa22,117362235.276175,117362235.276175,5989943,5.104
GM1894,Peel en Maas,"1894","31",Limburg,gemeentegebied.fc8d7a3c-153f-4cca-adcc-76b45ddebc0f,161362278.701893,161362278.701893,11154,0.007
GM1714,Sluis,"1714","29",Zeeland,gemeentegebied.4827e660-deb8-49ad-812a-dce3ec3f3bdd,307126400.179824,307126400.179824,697405,0.227
GM1969,Westerkwartier,"1969","20",Groningen,gemeentegebied.87e35eca-c7b1-4bf5-9d3b-a46e376dd826,368858251.233406,368858251.233406,361283,0.098
GM0637,Zoetermeer,"0637","28",Zuid-Holland,gemeentegebied.a479d324-2867-4d80-b070-a5c95c0fc80b,37056056.0597369,37056056.0597369,,0.000
GM1681,Borger-Odoorn,"1681","22",Drenthe,gemeentegebied.1028d1cb-03a3-4e40-9982-e646fb66d05e,277884113.392297,277884113.392297,2219199,0.799
GM0893,Bergen (L),"0893","31",Limburg,gemeentegebied.c690d371-785d-49e3-9748-4ec3f12d0b3d,108506691.20232,108506691.20232,41736941,38.465
GM0613,Albrandswaard,"0613","28",Zuid-Holland,gemeentegebied.3502c09b-a204-4369-bd94-ee6305747615,23758594.9120121,23758594.9120121,1456676,6.131
GM0753,Best,"0753","30",Noord-Brabant,gemeentegebied.27c4657f-aeff-456e-9729-bfa8ba58ee91,34657659.2708139,34657659.2708139,,0.000
GM0823,Oirschot,"0823","30",Noord-Brabant,gemeentegebied.f8fbd606-8840-4281-b337-f4d8c4acfb7f,102856866.462584,102856866.462584,3203983,3.115
GM1961,Vijfheerenlanden,"1961","26",Utrecht,gemeentegebied.f0136af8-e6cd-4fbe-8653-ad7e923e9538,153338923.166986,153338923.166986,2330157,1.520
GM0450,Uitgeest,"0450","27",Noord-Holland,gemeentegebied.e7df81b1-19b9-4daa-8ce9-ff407c2a4042,22293648.5107849,22293648.5107849,,0.000
GM1773,Olst-Wijhe,"1773","23",Overijssel,gemeentegebied.0cbd9ee2-b9c6-45b3-b4cf-fa6645afbbd5,118386428.986738,118386428.986738,8957071,7.566
GM0233,Ermelo,"0233","25",Gelderland,gemeentegebied.9db0fa41-3c60-4316-a9ad-c20f01c364d6,87341716.936303,87341716.936303,1545709,1.770
GM0093,Terschelling,"0093","21",Fryslân,gemeentegebied.4e601aa0-64a9-4baa-a783-5c19554e502d,673966050.672396,673966050.672396,4676808,0.694
GM0622,Vlaardingen,"0622","28",Zuid-Holland,gemeentegebied.c75e6126-507f-49c4-aeb6-88f3179e7b06,26694332.8749651,26694332.8749651,,0.000
GM1740,Neder-Betuwe,"1740","25",Gelderland,gemeentegebied.9699edaf-4048-4536-afbf-dbc3753ea796,67472740.3278985,67472740.3278985,13870046,20.557
GM0342,Soest,"0342","26",Utrecht,gemeentegebied.758ee68f-234f-473f-9f1e-764cb95e686d,46440527.9007346,46440527.9007346,,0.000
GM0798,Hilvarenbeek,"0798","30",Noord-Brabant,gemeentegebied.447f986c-df27-485f-bbe4-deb964e292a2,96518204.8643583,96518204.8643583,7829750,8.112
GM1859,Berkelland,"1859","25",Gelderland,gemeentegebied.45516df8-7981-4954-adc1-fc9561d574a0,260239903.091556,260239903.091556,0,0.000
GM0420,Medemblik,"0420","27",Noord-Holland,gemeentegebied.bc2ce709-b418-496e-9716-5fe12ce56a99,257593311.725219,257593311.725219,131141181,50.910
GM1525,Teylingen,"1525","28",Zuid-Holland,gemeentegebied.374c06f1-ff47-4e75-b9c3-93221a009bcd,33491626.2302688,33491626.2302688,,0.000
GM0277,Rozendaal,"0277","25",Gelderland,gemeentegebied.f66f5dc6-15d1-4990-92ce-efa1ff7dcc2d,27924434.0141458,27924434.0141458,26816320,96.032
GM1980,Dijk en Waard,"1980","27",Noord-Holland,gemeentegebied.719a2ea6-724b-4a62-97ef-2f829b12e0bc,67029227.6072796,67029227.6072796,,0.000
GM0415,Landsmeer,"0415","27",Noord-Holland,gemeentegebied.15634b37-dc10-4c28-a0fc-27248d6357e6,26508343.0482,26508343.0482,2776116,10.473
GM1979,Eemsdelta,"1979","20",Groningen,gemeentegebied.e36a1e75-7b3c-4a78-9219-c7a6cf1f2326,364014155.607791,364014155.607791,840511,0.231
GM0983,Venlo,"0983","31",Limburg,gemeentegebied.7a4c18e1-b915-496b-b392-80d407dbbd2f,128999034.595807,128999034.595807,9846610,7.633
GM0855,Tilburg,"0855","30",Noord-Brabant,gemeentegebied.73c0cccc-4bda-4ca0-bd22-752cfa587397,128476097.840004,128476097.840004,8445283,6.573
GM1690,De Wolden,"1690","22",Drenthe,gemeentegebied.86ba6f49-f66c-41f0-8f70-b3f7b202ac97,226364112.28363,226364112.28363,920684,0.407
GM1709,Moerdijk,"1709","30",Noord-Brabant,gemeentegebied.3d0833cb-1d45-4b5d-92d1-79e23445cd01,184044578.685202,184044578.685202,329380,0.179
GM1952,Midden-Groningen,"1952","20",Groningen,gemeentegebied.069b17d2-8908-448e-821c-7c1e8220a1be,295737292.667174,295737292.667174,9177064,3.103
GM1655,Halderberge,"1655","30",Noord-Brabant,gemeentegebied.66ccdc03-4c6d-413b-8b4a-3b61a2fa8140,75221780.2963134,75221780.2963134,,0.000
GM0279,Scherpenzeel,"0279","25",Gelderland,gemeentegebied.2282053a-732a-47b1-8cb3-3bb3e9bfa468,13817372.6003782,13817372.6003782,,0.000
GM1891,Dantumadiel,"1891","21",Fryslân,gemeentegebied.867353be-7ebd-4374-b11d-3fc24e2bb1b2,87524530.1149703,87524530.1149703,,0.000
GM1509,Oude IJsselstreek,"1509","25",Gelderland,gemeentegebied.ab298b1f-80f6-4b5a-9672-0459dc580690,137968025.187237,137968025.187237,,0.000
GM0086,Opsterland,"0086","21",Fryslân,gemeentegebied.0523d47d-c794-4644-b63f-a8c0fe3d0b70,227648911.260533,227648911.260533,2584066,1.135
GM0243,Harderwijk,"0243","25",Gelderland,gemeentegebied.57f8c32b-96a2-4e44-93cd-f8a706684779,48278627.1772104,48278627.1772104,9180061,19.015
GM0984,Venray,"0984","31",Limburg,gemeentegebied.78efba9f-c5e0-4af0-a476-615155d31051,165018707.137469,165018707.137469,2713362,1.644
GM1699,Noordenveld,"1699","22",Drenthe,gemeentegebied.19bce4dd-0d49-4dda-ab2f-8926e3b249c9,205287834.178704,205287834.178704,17356855,8.455
GM0820,"Nuenen, Gerwen en Nederwetten","0820","30",Noord-Brabant,gemeentegebied.daeacae6-1b42-490b-941c-72589c18cfa4,33947379.3533761,33947379.3533761,,0.000
GM0556,Maassluis,"0556","28",Zuid-Holland,gemeentegebied.d808a758-6eb5-40d2-b724-577224e3516e,10125624.0409392,10125624.0409392,,0.000
GM0402,Hilversum,"0402","27",Noord-Holland,gemeentegebied.78fb8dc6-0e84-48fc-b11f-e34878262b87,46364524.3768626,46364524.3768626,1494456,3.223
GM0339,Renswoude,"0339","26",Utrecht,gemeentegebied.c08a3fd7-a811-4528-8375-13db8c79a1e6,18514363.3413171,18514363.3413171,,0.000
GM0252,Heumen,"0252","25",Gelderland,gemeentegebied.baac968b-a079-440a-a868-ed7ec5c15e7f,41542615.1205493,41542615.1205493,,0.000
GM1640,Leudal,"1640","31",Limburg,gemeentegebied.543620be-6c62-48c4-baf4-cea827a69767,164912008.907915,164912008.907915,3397397,2.060
GM0451,Uithoorn,"0451","27",Noord-Holland,gemeentegebied.9cf4722c-b915-4d94-99c2-2154538aabd0,19422212.6275225,19422212.6275225,,0.000
GM0399,Heiloo,"0399","27",Noord-Holland,gemeentegebied.1d628d85-7b8c-412c-a46b-2a11a9417bd7,19016094.5566737,19016094.5566737,,0.000
GM0448,Texel,"0448","27",Noord-Holland,gemeentegebied.df30c530-dabb-49c7-b1ae-cf843467c365,463174346.223449,463174346.223449,33621094,7.259
GM0197,Aalten,"0197","25",Gelderland,gemeentegebied.05b62fb0-1182-4760-9197-d621bbe0035f,97061720.6337892,97061720.6337892,,0.000
GM0718,Vlissingen,"0718","29",Zeeland,gemeentegebied.5a607224-553d-4d7a-84aa-97af1f65b71a,344800277.733959,344800277.733959,172663050,50.076
GM0274,Renkum,"0274","25",Gelderland,gemeentegebied.f2f26c35-c5fe-4051-845b-618178251927,47241339.4330493,47241339.4330493,22500441,47.629
GM0590,Papendrecht,"0590","28",Zuid-Holland,gemeentegebied.10ca7b9e-0979-42bb-addf-6834e2622830,10791483.4817489,10791483.4817489,,0.000
GM0385,Edam-Volendam,"0385","27",Noord-Holland,gemeentegebied.02421857-4ca5-4170-9ffc-115505623f66,80008303.097077,80008303.097077,18131655,22.662
GM0629,Wassenaar,"0629","28",Zuid-Holland,gemeentegebied.60de36e1-03c5-40d0-afb4-0d93251b099b,62412733.8118424,62412733.8118424,21952812,35.174
GM0114,Emmen,"0114","22",Drenthe,gemeentegebied.02ecfd77-16c3-47d6-8c7f-f505f418ac31,346255319.941553,346255319.941553,20825035,6.014
GM0098,Weststellingwerf,"0098","21",Fryslân,gemeentegebied.de6ad1c6-85ae-4f0f-85da-4084634268d3,228464939.405487,228464939.405487,13688367,5.991
GM1960,West Betuwe,"1960","25",Gelderland,gemeentegebied.13733965-5f41-42b5-aed4-3f9aa0184019,229160046.32677,229160046.32677,4592762,2.004
GM0518,'s-Gravenhage,"0518","28",Zuid-Holland,gemeentegebied.70015b1f-cde9-4675-ab8c-c2e722708f78,98130741.9647539,98130741.9647539,1902234,1.938
GM0777,Etten-Leur,"0777","30",Noord-Brabant,gemeentegebied.b0f88ce9-f0b4-4003-af4a-551f64275680,55926966.0230492,55926966.0230492,,0.000
GM0200,Apeldoorn,"0200","25",Gelderland,gemeentegebied.8344d252-e65a-4179-bc54-ec2253297157,341203710.520977,341203710.520977,632,0.000
GM0180,Staphorst,"0180","23",Overijssel,gemeentegebied.4249e36f-0d25-4523-b758-3f80e925ebf5,135708652.299105,135708652.299105,2264,0.002
GM1652,Gemert-Bakel,"1652","30",Noord-Brabant,gemeentegebied.daa61176-da07-4aba-b9f3-c23e3d284bff,123353432.200008,123353432.200008,,0.000
GM0589,Oudewater,"0589","26",Utrecht,gemeentegebied.17a03e01-2f20-46e8-86f9-d180ab8cbca4,40108001.9445302,40108001.9445302,,0.000
GM0867,Waalwijk,"0867","30",Noord-Brabant,gemeentegebied.ef13d8b0-ba69-4f82-b525-ecba7420c804,67655929.2729158,67655929.2729158,39360,0.058
GM0852,Waterland,"0852","27",Noord-Holland,gemeentegebied.65a1a244-f624-4afe-bcba-3d1255f4b2ab,115680313.095722,115680313.095722,3457316,2.989
GM0858,Valkenswaard,"0858","30",Noord-Brabant,gemeentegebied.5477ad6e-9ef9-4398-b630-5befa68d03e5,56506140.9987176,56506140.9987176,10306515,18.240
GM1970,Noardeast-Fryslân,"1970","21",Fryslân,gemeentegebied.cc6e8d53-fec2-4be9-9f61-992492af5c66,516421561.07903,516421561.07903,5238558,1.014
GM1669,Roerdalen,"1669","31",Limburg,gemeentegebied.2f6bd691-0c4f-4489-9dc4-3e70bc1570a3,88785981.9418132,88785981.9418132,7422548,8.360
GM0957,Roermond,"0957","31",Limburg,gemeentegebied.fe3742a0-d5f1-416d-9b2e-7c45d782a2a1,71052549.3478325,71052549.3478325,1118634,1.574
GM0748,Bergen op Zoom,"0748","30",Noord-Brabant,gemeentegebied.8ba102e9-a215-4c9d-8467-76d9751696f0,93132498.179498,93132498.179498,10067574,10.810
GM0302,Nunspeet,"0302","25",Gelderland,gemeentegebied.4b188201-85cd-44ab-a921-70e068ffd74a,129555072.810426,129555072.810426,576983,0.445
GM0606,Schiedam,"0606","28",Zuid-Holland,gemeentegebied.8100abd9-493f-491b-8671-297976563373,19859832.374159,19859832.374159,,0.000
GM1742,Rijssen-Holten,"1742","23",Overijssel,gemeentegebied.71a3cb4a-b171-414a-bf67-428986febda5,94388507.6677589,94388507.6677589,0,0.000
GM1708,Steenwijkerland,"1708","23",Overijssel,gemeentegebied.fb7ca3c5-2a8d-40a3-aa4f-ef434d7563b4,321624409.316283,321624409.316283,14891185,4.630
GM0779,Geertruidenberg,"0779","30",Noord-Brabant,gemeentegebied.194e8ca9-3d30-4201-afdf-0a93f9d0510a,29643881.8909871,29643881.8909871,828390,2.794
GM1723,Alphen-Chaam,"1723","30",Noord-Brabant,gemeentegebied.517de576-5a21-49e0-bf59-c27820b2c835,93530879.4688824,93530879.4688824,,0.000
GM0826,Oosterhout,"0826","30",Noord-Brabant,gemeentegebied.8d4a23b5-fdab-4099-9815-e3a0ce49a7d3,73096074.8512395,73096074.8512395,,0.000
GM0513,Gouda,"0513","28",Zuid-Holland,gemeentegebied.aa8f167a-e6e5-4476-8439-4f37f712a848,18116161.1549115,18116161.1549115,,0.000
GM0141,Almelo,"0141","23",Overijssel,gemeentegebied.416ca323-1515-48aa-a776-22520c0fafbe,69412262.3897143,69412262.3897143,,0.000
GM0321,Houten,"0321","26",Utrecht,gemeentegebied.e7a92ab6-2f74-4a20-9de8-355c9ab4fbe4,58996031.9806584,58996031.9806584,,0.000
GM0678,Kapelle,"0678","29",Zeeland,gemeentegebied.00f61dd1-befc-4dc8-806e-9a1a902ae907,49625310.4113551,49625310.4113551,10586334,21.333
GM0785,Goirle,"0785","30",Noord-Brabant,gemeentegebied.e257963a-5784-452b-a220-672511dc502a,43383624.9204576,43383624.9204576,5381207,12.404
GM0373,Bergen (NH),"0373","27",Noord-Holland,gemeentegebied.7a034122-6fac-4514-821e-eb8b310288a9,120244371.694932,120244371.694932,3292437,2.738
GM0865,Vught,"0865","30",Noord-Brabant,gemeentegebied.3eb03cfb-1749-4d77-9b14-84522f52a876,61124420.4565277,61124420.4565277,8510440,13.923
GM0654,Borsele,"0654","29",Zeeland,gemeentegebied.9e30e01c-8589-4a7c-a6a5-61c30f3afa58,194508205.488368,194508205.488368,52514817,26.999
GM0203,Barneveld,"0203","25",Gelderland,gemeentegebied.b35faa23-7b72-49b8-9dda-eb2ed061b388,176691350.234539,176691350.234539,48388360,27.386
GM1771,Geldrop-Mierlo,"1771","30",Noord-Brabant,gemeentegebied.87f44e2d-d643-4a5d-9405-f109ccf9aa3c,31390520.6357028,31390520.6357028,0,0.000
GM0599,Rotterdam,"0599","28",Zuid-Holland,gemeentegebied.d33c4967-9c57-4a26-b431-bd586373814e,324177433.239231,324177433.239231,6570,0.002
GM0353,IJsselstein,"0353","26",Utrecht,gemeentegebied.26b0a18c-f20f-4fbb-9b7f-65e62e3a2615,21684019.8666727,21684019.8666727,,0.000
GM0796,'s-Hertogenbosch,"0796","30",Noord-Brabant,gemeentegebied.26b6a0a5-d2ce-4d96-a4de-21edcfd5b76c,117830051.749719,117830051.749719,3769599,3.199
GM1904,Stichtse Vecht,"1904","26",Utrecht,gemeentegebied.3b6bf43c-01e8-476c-814a-858b1ca8422c,106838047.629421,106838047.629421,5103651,4.777
GM0294,Winterswijk,"0294","25",Gelderland,gemeentegebied.85fda4ab-2bc1-47c5-b069-5842c451f18e,138827086.988239,138827086.988239,877806,0.632
GM0406,Huizen,"0406","27",Noord-Holland,gemeentegebied.738cf795-77b0-4992-82d9-7fdcc8619980,23326997.2865594,23326997.2865594,632274,2.710
GM0226,Duiven,"0226","25",Gelderland,gemeentegebied.edce1060-2b53-4ab0-b23f-605f8c78b7c4,35193322.9279241,35193322.9279241,82204,0.234
GM0394,Haarlemmermeer,"0394","27",Noord-Holland,gemeentegebied.c45e832a-176f-4de5-8d19-e0b5fe0bfecc,206344370.355351,206344370.355351,,0.000
GM0312,Bunnik,"0312","26",Utrecht,gemeentegebied.76184c30-cb24-4998-9c5c-361f37ea6685,37575918.1252656,37575918.1252656,,0.000
GM1892,Zuidplas,"1892","28",Zuid-Holland,gemeentegebied.bdc06a8e-722e-4840-ae3d-6e82628bf5ba,64059337.8608594,64059337.8608594,,0.000
GM0400,Den Helder,"0400","27",Noord-Holland,gemeentegebied.af0c9187-88ed-421d-aa50-95f0bb2035f1,178812340.713017,178812340.713017,4012150,2.244
GM0861,Veldhoven,"0861","30",Noord-Brabant,gemeentegebied.6b2f3c15-a6dd-4dcf-a8fa-68b34571a8d6,31888642.1715943,31888642.1715943,60927,0.191
GM0664,Goes,"0664","29",Zeeland,gemeentegebied.557ccc9c-8bfc-4407-b18f-e37847df267e,101913488.837544,101913488.837544,6426219,6.306
GM0384,Diemen,"0384","27",Noord-Holland,gemeentegebied.16675644-7a4f-42f8-bf24-97d2cc3f89aa,14039596.267147,14039596.267147,997993,7.108
GM0396,Heemskerk,"0396","27",Noord-Holland,gemeentegebied.baa005ef-bf63-4cfb-bc80-1a3efd2f20d6,31683740.1266714,31683740.1266714,10547132,33.289
GM0482,Alblasserdam,"0482","28",Zuid-Holland,gemeentegebied.a265aba5-dc2c-4d92-9682-7c42a7377839,10061501.521984,10061501.521984,987825,9.818
GM0164,Hengelo (O),"0164","23",Overijssel,gemeentegebied.f3d411ad-416e-4c43-8720-03a44ebd2904,61834985.6779068,61834985.6779068,,0.000
GM0163,Hellendoorn,"0163","23",Overijssel,gemeentegebied.512ae3d9-8fc9-44a0-822b-0e5849ecc51b,139008762.306732,139008762.306732,18424078,13.254
GM0638,Zoeterwoude,"0638","28",Zuid-Holland,gemeentegebied.d54a71f1-7ac2-431f-a375-995c9848e9f9,21961100.8971219,21961100.8971219,,0.000
GM0677,Hulst,"0677","29",Zeeland,gemeentegebied.db6aba01-c643-4af9-a844-aae60ffa95b9,251815066.570821,251815066.570821,70768883,28.104
GM0503,Delft,"0503","28",Zuid-Holland,gemeentegebied.47701c9c-5d3b-4bf1-8c65-faf1c3f2ed13,24065117.5989547,24065117.5989547,,0.000
GM0603,Rijswijk,"0603","28",Zuid-Holland,gemeentegebied.4720ec56-15c5-4fb9-859a-ed85510fa760,14503798.280849,14503798.280849,,0.000
GM0755,Boekel,"0755","30",Noord-Brabant,gemeentegebied.6d1373f3-f5b4-4f20-9464-ee315a793f80,34520010.3052865,34520010.3052865,,0.000
GM0397,Heemstede,"0397","27",Noord-Holland,gemeentegebied.d0607c9a-6b08-457d-b4ea-5e2d8b9ba66a,9645607.46218995,9645607.46218995,254572,2.639
GM0362,Amstelveen,"0362","27",Noord-Holland,gemeentegebied.507acdc1-d8d3-489b-96b8-f04c77869901,44088752.3687295,44088752.3687295,,0.000
GM0047,Veendam,"0047","20",Groningen,gemeentegebied.5a1a904d-c985-4b03-90ce-73babae7e9b1,78673024.5732746,78673024.5732746,,0.000
GM0327,Leusden,"0327","26",Utrecht,gemeentegebied.1e6c94ca-95fc-4e24-8ed3-faebb9938b5c,58903884.1999885,58903884.1999885,,0.000
GM0553,Lisse,"0553","28",Zuid-Holland,gemeentegebied.76146f75-d7af-4a85-b987-9ae86d595af6,16056423.0481309,16056423.0481309,,0.000
GM0080,Leeuwarden,"0080","21",Fryslân,gemeentegebied.2c858721-48e1-4c29-851a-53c5652d0d65,255059702.151087,255059702.151087,12641563,4.956
GM0772,Eindhoven,"0772","30",Noord-Brabant,gemeentegebied.90f6d3cc-cff3-4e29-85a0-d23e638f1a7b,89372311.6320837,89372311.6320837,38957,0.044
GM0088,Schiermonnikoog,"0088","21",Fryslân,gemeentegebied.1f24b57d-d0bd-4b55-998a-bdf843fc47ce,203535920.943514,203535920.943514,8329909,4.093
GM1903,Eijsden-Margraten,"1903","31",Limburg,gemeentegebied.185fa111-4ee2-45d5-bfb2-389b1eb439c0,78759981.7483699,78759981.7483699,44764,0.057
GM1954,Beekdaelen,"1954","31",Limburg,gemeentegebied.b85295b1-811f-4f2a-ac90-1e7135b39df3,78485138.0796968,78485138.0796968,42454,0.054
GM0888,Beek,"0888","31",Limburg,gemeentegebied.0f1541e4-b0c9-4c28-9d03-9cf23589c7c1,21071173.0152403,21071173.0152403,0,0.000
GM0986,Voerendaal,"0986","31",Limburg,gemeentegebied.b96d7e3c-c920-49df-9dbf-afc3b89dba1c,31518471.4816927,31518471.4816927,652161,2.069
GM0882,Landgraaf,"0882","31",Limburg,gemeentegebied.c6a26a9b-d933-4900-a693-4e3f3144a72b,24663491.0335113,24663491.0335113,892220,3.618
GM0899,Brunssum,"0899","31",Limburg,gemeentegebied.5cf4f540-dbfe-4e28-a09a-427d650a73a0,17337071.8831936,17337071.8831936,1672970,9.650
GM0994,Valkenburg aan de Geul,"0994","31",Limburg,gemeentegebied.f3eea5f0-fbaa-49f8-85ce-f8399dd21c37,36921153.3267574,36921153.3267574,4136,0.011
GM0928,Kerkrade,"0928","31",Limburg,gemeentegebied.ede86e35-03cb-401f-92c9-a85a3d58d737,22150853.7602605,22150853.7602605,,0.000
GM0981,Vaals,"0981","31",Limburg,gemeentegebied.82a95cf4-3b30-4802-8096-087503abf61c,23895039.5801653,23895039.5801653,7452133,31.187
GM0935,Maastricht,"0935","31",Limburg,gemeentegebied.96fa0071-af10-481f-b37d-ab0c27b9d483,60113187.5962023,60113187.5962023,49865,0.083
GM0917,Heerlen,"0917","31",Limburg,gemeentegebied.9fbc7138-aa61-4b65-adea-73e9430e8189,45526348.5515003,45526348.5515003,2853739,6.268
GM0971,Stein,"0971","31",Limburg,gemeentegebied.938976d0-ff61-46f3-a9e0-3df13196bb47,22798920.320136,22798920.320136,596383,2.616
GM0938,Meerssen,"0938","31",Limburg,gemeentegebied.01e6bbe3-f88d-4545-aabf-eed70196f640,27655340.3057029,27655340.3057029,1305024,4.719
GM0965,Simpelveld,"0965","31",Limburg,gemeentegebied.2b89edf6-57ce-4892-8475-b9089c79b95b,16028273.1112541,16028273.1112541,153407,0.957
GM1729,Gulpen-Wittem,"1729","31",Limburg,gemeentegebied.1e59222a-f731-4141-9acb-2d19dd193eff,73352460.5380309,73352460.5380309,9919967,13.524
